Workbook

Sheet Sheet1
A1: Frame | B1: Act_X | C1: Act_Y | D1: Act_Z | E1: Calc_X | F1: Calc_Y | G1: Calc_Z | H1: PctErr_X | I1: PctErr_Y | J1: PctErr_Z | K1: Err_X | L1: Err_Y | M1: Err_Z
A2: 1 | B2: -1.115 | C2: -5.7849998 | D2: 3.03 | E2: -1.1992739 | F2: -5.7929482 | G2: 3.1197371 | H2: 7.5581974 | I2: 0.13739531 | J2: 2.9616219 | K2: -0.084273902 | L2: -0.0079483183 | M2: 0.089737142
A3: 2 | B3: -1.095 | C3: -5.737 | D3: 3.02 | E3: -1.1771691 | F3: -5.7451984 | G3: 3.1091433 | H3: 7.5040211 | I3: 0.14290396 | J3: 2.9517643 | K3: -0.082169033 | L3: -0.0081984002 | M3: 0.08914328
A4: 3 | B4: -1.075 | C4: -5.6890001 | D4: 3.01 | E4: -1.1603183 | F4: -5.6947911 | G4: 3.1002271 | H4: 7.9365847 | I4: 0.10179189 | J4: 2.997577 | K4: -0.085318289 | L4: -0.0057909407 | M4: 0.090227068
A5: 4 | B5: -1.0549999 | C5: -5.6409998 | D5: 3 | E5: -1.136432 | F5: -5.6512437 | G5: 3.0880858 | H5: 7.7186777 | I5: 0.18159669 | J5: 2.9361933 | K5: -0.081432046 | L5: -0.010243869 | M5: 0.088085799
A6: 5 | B6: -1.035 | C6: -5.5929999 | D6: 2.9899001 | E6: -1.119007 | F6: -5.6024182 | G6: 3.0798313 | H6: 8.116619 | I6: 0.16839452 | J6: 3.0078327 | K6: -0.084007004 | L6: -0.0094183055 | M6: 0.089931194
A7: 6 | B7: -1.015 | C7: -5.5450001 | D7: 2.9798999 | E7: -1.098057 | F7: -5.5538552 | G7: 3.0686626 | H7: 8.1829599 | I7: 0.15969586 | J7: 2.9787159 | K7: -0.083057042 | L7: -0.0088551356 | M7: 0.088762753
A8: 7 | B8: -0.995 | C8: -5.4970002 | D8: 2.9698 | E8: -1.0790586 | F8: -5.5062005 | G8: 3.0599211 | H8: 8.4480985 | I8: 0.16736973 | J8: 3.0345852 | K8: -0.084058581 | L8: -0.0092003144 | M8: 0.090121112
A9: 8 | B9: -0.97500002 | C9: -5.4489999 | D9: 2.9598 | E9: -1.0587639 | F9: -5.4569636 | G9: 3.0500561 | H9: 8.5911668 | I9: 0.14615087 | J9: 3.0493974 | K9: -0.083763878 | L9: -0.0079637607 | M9: 0.090256064
A10: 9 | B10: -0.95499998 | C10: -5.401 | D10: 2.9497001 | E10: -1.038209 | F10: -5.410712 | G10: 3.0387807 | H10: 8.7129888 | I10: 0.17981782 | J10: 3.0199867 | K10: -0.083209041 | L10: -0.0097119603 | M10: 0.089080551
A11: 10 | B11: -0.935 | C11: -5.3530002 | D11: 2.9396 | E11: -1.019919 | F11: -5.3609502 | G11: 3.0308088 | H11: 9.0822509 | I11: 0.14851593 | J11: 3.1027616 | K11: -0.084919046 | L11: -0.0079500579 | M11: 0.091208779
A12: 11 | B12: -0.91500002 | C12: -5.3049998 | D12: 2.9295001 | E12: -0.99889501 | F12: -5.3150179 | G12: 3.0186173 | H12: 9.1688513 | I12: 0.18884253 | J12: 3.0420628 | K12: -0.083894991 | L12: -0.010018096 | M12: 0.089117234
A13: 12 | B13: -0.89499998 | C13: -5.257 | D13: 2.9194 | E13: -0.97968906 | F13: -5.2649628 | G13: 3.0101297 | H13: 9.4624671 | I13: 0.15147106 | J13: 3.1078214 | K13: -0.084689079 | L13: -0.0079628335 | M13: 0.090729738
... A502: 501 | B502: -1.115 | C502: -5.7849998 | D502: 3.03 | E502: -1.1992739 | F502: -5.7929482 | G502: 3.1197371 | H502: 7.5581974 | I502: 0.13739531 | J502: 2.9616219 | K502: -0.084273902 | L502: -0.0079483183 | M502: 0.089737142

Sheet Sheet2
A1: Frame | B1: Act_X | C1: Act_Y | D1: Act_Z | E1: Calc_X | F1: Calc_Y | G1: Calc_Z | H1: PctErr_X | I1: PctErr_Y | J1: PctErr_Z | K1: Err_X | L1: Err_Y | M1: Err_Z
A2: 1 | B2: =Sheet1!B2+7 -> 5.885 | C2: =Sheet1!C2+13 -> 7.2150002 | D2: =Sheet1!D2+1 -> 4.03 | E2: =Sheet1!E2+7 -> 5.8007261 | F2: =Sheet1!F2+13 -> 7.2070518 | G2: =Sheet1!G2+1 -> 4.1197371 | H2: =ABS((B2-E2)/B2) -> 0.014320119 | I2: =ABS((C2-F2)/C2) -> 0.001101638 | J2: =ABS((D2-G2)/D2) -> 0.022267281 | K2: =ABS(B2-E2) -> 0.084273902 | L2: =ABS(C2-F2) -> 0.0079483183 | M2: =ABS(D2-G2) -> 0.089737142
A3: 2 | B3: =Sheet1!B3+7 -> 5.905 | C3: =Sheet1!C3+13 -> 7.263 | D3: =Sheet1!D3+1 -> 4.02 | E3: =Sheet1!E3+7 -> 5.8228309 | F3: =Sheet1!F3+13 -> 7.2548016 | G3: =Sheet1!G3+1 -> 4.1091433 | H3: =ABS((B3-E3)/B3) -> 0.013915162 | I3: =ABS((C3-F3)/C3) -> 0.0011287898 | J3: =ABS((D3-G3)/D3) -> 0.022174945 | K3: =ABS(B3-E3) -> 0.082169033 | L3: =ABS(C3-F3) -> 0.0081984002 | M3: =ABS(D3-G3) -> 0.08914328
A4: 3 | B4: =Sheet1!B4+7 -> 5.925 | C4: =Sheet1!C4+13 -> 7.3109999 | D4: =Sheet1!D4+1 -> 4.01 | E4: =Sheet1!E4+7 -> 5.8396817 | F4: =Sheet1!F4+13 -> 7.3052089 | G4: =Sheet1!G4+1 -> 4.1002271 | H4: =ABS((B4-E4)/B4) -> 0.014399711 | I4: =ABS((C4-F4)/C4) -> 0.00079208601 | J4: =ABS((D4-G4)/D4) -> 0.022500516 | K4: =ABS(B4-E4) -> 0.085318289 | L4: =ABS(C4-F4) -> 0.0057909407 | M4: =ABS(D4-G4) -> 0.090227068
A5: 4 | B5: =Sheet1!B5+7 -> 5.9450001 | C5: =Sheet1!C5+13 -> 7.3590002 | D5: =Sheet1!D5+1 -> 4 | E5: =Sheet1!E5+7 -> 5.863568 | F5: =Sheet1!F5+13 -> 7.3487563 | G5: =Sheet1!G5+1 -> 4.0880858 | H5: =ABS((B5-E5)/B5) -> 0.013697569 | I5: =ABS((C5-F5)/C5) -> 0.0013920191 | J5: =ABS((D5-G5)/D5) -> 0.02202145 | K5: =ABS(B5-E5) -> 0.081432046 | L5: =ABS(C5-F5) -> 0.010243869 | M5: =ABS(D5-G5) -> 0.088085799
A6: 5 | B6: =Sheet1!B6+7 -> 5.965 | C6: =Sheet1!C6+13 -> 7.4070001 | D6: =Sheet1!D6+1 -> 3.9899001 | E6: =Sheet1!E6+7 -> 5.880993 | F6: =Sheet1!F6+13 -> 7.3975818 | G6: =Sheet1!G6+1 -> 4.0798313 | H6: =ABS((B6-E6)/B6) -> 0.01408332 | I6: =ABS((C6-F6)/C6) -> 0.0012715412 | J6: =ABS((D6-G6)/D6) -> 0.022539711 | K6: =ABS(B6-E6) -> 0.084007004 | L6: =ABS(C6-F6) -> 0.0094183055 | M6: =ABS(D6-G6) -> 0.089931194
A7: 6 | B7: =Sheet1!B7+7 -> 5.985 | C7: =Sheet1!C7+13 -> 7.4549999 | D7: =Sheet1!D7+1 -> 3.9798999 | E7: =Sheet1!E7+7 -> 5.901943 | F7: =Sheet1!F7+13 -> 7.4461448 | G7: =Sheet1!G7+1 -> 4.0686626 | H7: =ABS((B7-E7)/B7) -> 0.013877534 | I7: =ABS((C7-F7)/C7) -> 0.0011878116 | J7: =ABS((D7-G7)/D7) -> 0.02230276 | K7: =ABS(B7-E7) -> 0.083057042 | L7: =ABS(C7-F7) -> 0.0088551356 | M7: =ABS(D7-G7) -> 0.088762753
A8: 7 | B8: =Sheet1!B8+7 -> 6.005 | C8: =Sheet1!C8+13 -> 7.5029998 | D8: =Sheet1!D8+1 -> 3.9698 | E8: =Sheet1!E8+7 -> 5.9209414 | F8: =Sheet1!F8+13 -> 7.4937995 | G8: =Sheet1!G8+1 -> 4.0599211 | H8: =ABS((B8-E8)/B8) -> 0.013998098 | I8: =ABS((C8-F8)/C8) -> 0.0012262181 | J8: =ABS((D8-G8)/D8) -> 0.022701676 | K8: =ABS(B8-E8) -> 0.084058581 | L8: =ABS(C8-F8) -> 0.0092003144 | M8: =ABS(D8-G8) -> 0.090121112
A9: 8 | B9: =Sheet1!B9+7 -> 6.025 | C9: =Sheet1!C9+13 -> 7.5510001 | D9: =Sheet1!D9+1 -> 3.9598 | E9: =Sheet1!E9+7 -> 5.9412361 | F9: =Sheet1!F9+13 -> 7.5430364 | G9: =Sheet1!G9+1 -> 4.0500561 | H9: =ABS((B9-E9)/B9) -> 0.013902718 | I9: =ABS((C9-F9)/C9) -> 0.001054663 | J9: =ABS((D9-G9)/D9) -> 0.022793086 | K9: =ABS(B9-E9) -> 0.083763878 | L9: =ABS(C9-F9) -> 0.0079637607 | M9: =ABS(D9-G9) -> 0.090256064
A10: 9 | B10: =Sheet1!B10+7 -> 6.045 | C10: =Sheet1!C10+13 -> 7.599 | D10: =Sheet1!D10+1 -> 3.9497001 | E10: =Sheet1!E10+7 -> 5.961791 | F10: =Sheet1!F10+13 -> 7.589288 | G10: =Sheet1!G10+1 -> 4.0387807 | H10: =ABS((B10-E10)/B10) -> 0.013764936 | I10: =ABS((C10-F10)/C10) -> 0.0012780577 | J10: =ABS((D10-G10)/D10) -> 0.02255375 | K10: =ABS(B10-E10) -> 0.083209041 | L10: =ABS(C10-F10) -> 0.0097119603 | M10: =ABS(D10-G10) -> 0.089080551
A11: 10 | B11: =Sheet1!B11+7 -> 6.065 | C11: =Sheet1!C11+13 -> 7.6469998 | D11: =Sheet1!D11+1 -> 3.9396 | E11: =Sheet1!E11+7 -> 5.980081 | F11: =Sheet1!F11+13 -> 7.6390498 | G11: =Sheet1!G11+1 -> 4.0308088 | H11: =ABS((B11-E11)/B11) -> 0.014001491 | I11: =ABS((C11-F11)/C11) -> 0.001039631 | J11: =ABS((D11-G11)/D11) -> 0.023151787 | K11: =ABS(B11-E11) -> 0.084919046 | L11: =ABS(C11-F11) -> 0.0079500579 | M11: =ABS(D11-G11) -> 0.091208779
A12: 11 | B12: =Sheet1!B12+7 -> 6.085 | C12: =Sheet1!C12+13 -> 7.6950002 | D12: =Sheet1!D12+1 -> 3.9295001 | E12: =Sheet1!E12+7 -> 6.001105 | F12: =Sheet1!F12+13 -> 7.6849821 | G12: =Sheet1!G12+1 -> 4.0186173 | H12: =ABS((B12-E12)/B12) -> 0.01378718 | I12: =ABS((C12-F12)/C12) -> 0.0013018968 | J12: =ABS((D12-G12)/D12) -> 0.022679026 | K12: =ABS(B12-E12) -> 0.083894991 | L12: =ABS(C12-F12) -> 0.010018096 | M12: =ABS(D12-G12) -> 0.089117234
A13: 12 | B13: =Sheet1!B13+7 -> 6.105 | C13: =Sheet1!C13+13 -> 7.743 | D13: =Sheet1!D13+1 -> 3.9194 | E13: =Sheet1!E13+7 -> 6.0203109 | F13: =Sheet1!F13+13 -> 7.7350372 | G13: =Sheet1!G13+1 -> 4.0101297 | H13: =ABS((B13-E13)/B13) -> 0.013872085 | I13: =ABS((C13-F13)/C13) -> 0.0010283912 | J13: =ABS((D13-G13)/D13) -> 0.023148885 | K13: =ABS(B13-E13) -> 0.084689079 | L13: =ABS(C13-F13) -> 0.0079628335 | M13: =ABS(D13-G13) -> 0.090729738
... A501: 500 | B501: =Sheet1!B501+7 -> 15.3739 | C501: =Sheet1!C501+13 -> 29.985001 | D501: =Sheet1!D501+1 -> 2.6598001 | E501: =Sheet1!E501+7 -> 15.239533 | F501: =Sheet1!F501+13 -> 29.983431 | G501: =Sheet1!G501+1 -> 2.8177322 | H501: =ABS((B501-E501)/B501) -> 0.0087399527 | I501: =ABS((C501-F501)/C501) -> 5.2342506e-05 | J501: =ABS((D501-G501)/D501) -> 0.059377461 | K501: =ABS(B501-E501) -> 0.13436716 | L501: =ABS(C501-F501) -> 0.0015694901 | M501: =ABS(D501-G501) -> 0.15793217
