Workbook

Sheet Sheet1
A1: Frame | B1: Act_X | C1: Act_Y | D1: Act_Z | E1: Calc_X | F1: Calc_Y | G1: Calc_Z | H1: PctErr_X | I1: PctErr_Y | J1: PctErr_Z | K1: Err_X | L1: Err_Y | M1: Err_Z
A2: 1 | B2: 2.115 | C2: -11.585 | D2: 3.1300001 | E2: 2.0154038 | F2: -11.592671 | G2: 3.2411449 | H2: 4.7090422 | I2: 0.066212008 | J2: 3.5509502 | K2: -0.099596243 | L2: -0.0076706612 | M2: 0.11114475
A3: 2 | B3: 2.105 | C3: -11.535 | D3: 3.122 | E3: 2.0086878 | F3: -11.546596 | G3: 3.2301482 | H3: 4.5754022 | I3: 0.10053119 | J3: 3.4640696 | K3: -0.096312218 | L3: -0.011596272 | M3: 0.10814825
A4: 3 | B4: 2.095 | C4: -11.485 | D4: 3.1140001 | E4: 2.0020109 | F4: -11.501373 | G4: 3.2205643 | H4: 4.4386198 | I4: 0.14256639 | J4: 3.4220994 | K4: -0.092989086 | L4: -0.016373749 | M4: 0.10656418
A5: 4 | B5: 2.085 | C5: -11.435 | D5: 3.1059999 | E5: 1.9901062 | F5: -11.449137 | G5: 3.2137787 | H5: 4.5512644 | I5: 0.12362249 | J5: 3.470018 | K5: -0.094893865 | L5: -0.014136232 | M5: 0.10777876
A6: 5 | B6: 2.075 | C6: -11.385 | D6: 3.0978999 | E6: 1.9748193 | F6: -11.392242 | G6: 3.2079316 | H6: 4.82799 | I6: 0.063608986 | J6: 3.5518152 | K6: -0.10018079 | L6: -0.0072418832 | M6: 0.11003168
A7: 6 | B7: 2.0650001 | C7: -11.335 | D7: 3.0899 | E7: 1.9663077 | F7: -11.343311 | G7: 3.1996012 | H7: 4.7792908 | I7: 0.073324987 | J7: 3.5503143 | K7: -0.098692357 | L7: -0.0083113874 | M7: 0.10970116
A8: 7 | B8: 2.0550001 | C8: -11.285 | D8: 3.0818 | E8: 1.9584961 | F8: -11.295791 | G8: 3.1929141 | H8: 4.6960577 | I8: 0.095621758 | J8: 3.6054925 | K8: -0.09650399 | L8: -0.010790915 | M8: 0.11111407
A9: 8 | B9: 2.0450001 | C9: -11.235 | D9: 3.0738001 | E9: 1.947151 | F9: -11.24532 | G9: 3.1832658 | H9: 4.7847936 | I9: 0.09185516 | J9: 3.5612495 | K9: -0.097849033 | L9: -0.010319927 | M9: 0.10946569
A10: 9 | B10: 2.0350001 | C10: -11.185 | D10: 3.0657001 | E10: 1.9384653 | F10: -11.195652 | G10: 3.1761739 | H10: 4.7437242 | I10: 0.095234225 | J10: 3.603543 | K10: -0.096534793 | L10: -0.010651948 | M10: 0.11047382
A11: 10 | B11: 2.0250001 | C11: -11.135 | D11: 3.0576 | E11: 1.925769 | F11: -11.144003 | G11: 3.1685468 | H11: 4.9003028 | I11: 0.080848982 | J11: 3.628557 | K11: -0.099231136 | L11: -0.0090025343 | M11: 0.11094676
A12: 11 | B12: 2.0150001 | C12: -11.085 | D12: 3.0495 | E12: 1.9081036 | F12: -11.083575 | G12: 3.1657453 | H12: 5.3050357 | I12: 0.012853348 | J12: 3.8119482 | K12: -0.10689647 | L12: 0.0014247936 | M12: 0.11624536
A13: 12 | B13: 2.0050001 | C13: -11.035 | D13: 3.0414 | E13: 1.9098373 | F13: -11.04766 | G13: 3.1490798 | H13: 4.7462742 | I13: 0.11472686 | J13: 3.5404688 | K13: -0.095162803 | L13: -0.012660109 | M13: 0.10767982
... A492: 491 | B492: 2.115 | C492: -11.585 | D492: 3.1300001 | E492: 2.0154038 | F492: -11.592671 | G492: 3.2411449 | H492: 4.7090422 | I492: 0.066212008 | J492: 3.5509502 | K492: -0.099596243 | L492: -0.0076706612 | M492: 0.11114475

Sheet Sheet2
A1: Frame | B1: Act_X | C1: Act_Y | D1: Act_Z | E1: Calc_X | F1: Calc_Y | G1: Calc_Z | H1: PctErr_X | I1: PctErr_Y | J1: PctErr_Z | K1: Err_X | L1: Err_Y | M1: Err_Z
A2: 1 | B2: =Sheet1!B2+7 -> 9.115 | C2: =Sheet1!C2+13 -> 1.415 | D2: =Sheet1!D2 -> 3.1300001 | E2: =Sheet1!E2+7 -> 9.0154038 | F2: =Sheet1!F2+13 -> 1.4073293 | G2: =Sheet1!G2 -> 3.2411449 | H2: =(B2-E2)/B2 -> 0.010926631 | I2: =(C2-F2)/C2 -> 0.0054209621 | J2: =(D2-G2)/D2 -> -0.035509502 | K2: =ABS(B2-E2) -> 0.099596243 | L2: =ABS(C2-F2) -> 0.0076706612 | M2: =ABS(D2-G2) -> 0.11114475
A3: 2 | B3: =Sheet1!B3+7 -> 9.105 | C3: =Sheet1!C3+13 -> 1.4650002 | D3: =Sheet1!D3 -> 3.122 | E3: =Sheet1!E3+7 -> 9.0086878 | F3: =Sheet1!F3+13 -> 1.4534039 | G3: =Sheet1!G3 -> 3.2301482 | H3: =(B3-E3)/B3 -> 0.010577948 | I3: =(C3-F3)/C3 -> 0.0079155435 | J3: =(D3-G3)/D3 -> -0.034640696 | K3: =ABS(B3-E3) -> 0.096312218 | L3: =ABS(C3-F3) -> 0.011596272 | M3: =ABS(D3-G3) -> 0.10814825
A4: 3 | B4: =Sheet1!B4+7 -> 9.095 | C4: =Sheet1!C4+13 -> 1.5150003 | D4: =Sheet1!D4 -> 3.1140001 | E4: =Sheet1!E4+7 -> 9.0020109 | F4: =Sheet1!F4+13 -> 1.4986266 | G4: =Sheet1!G4 -> 3.2205643 | H4: =(B4-E4)/B4 -> 0.010224198 | I4: =(C4-F4)/C4 -> 0.010807753 | J4: =(D4-G4)/D4 -> -0.034220994 | K4: =ABS(B4-E4) -> 0.092989086 | L4: =ABS(C4-F4) -> 0.016373749 | M4: =ABS(D4-G4) -> 0.10656418
A5: 4 | B5: =Sheet1!B5+7 -> 9.085 | C5: =Sheet1!C5+13 -> 1.5649996 | D5: =Sheet1!D5 -> 3.1059999 | E5: =Sheet1!E5+7 -> 8.9901062 | F5: =Sheet1!F5+13 -> 1.5508633 | G5: =Sheet1!G5 -> 3.2137787 | H5: =(B5-E5)/B5 -> 0.010445114 | I5: =(C5-F5)/C5 -> 0.0090327388 | J5: =(D5-G5)/D5 -> -0.03470018 | K5: =ABS(B5-E5) -> 0.094893865 | L5: =ABS(C5-F5) -> 0.014136232 | M5: =ABS(D5-G5) -> 0.10777876
A6: 5 | B6: =Sheet1!B6+7 -> 9.075 | C6: =Sheet1!C6+13 -> 1.6149998 | D6: =Sheet1!D6 -> 3.0978999 | E6: =Sheet1!E6+7 -> 8.9748193 | F6: =Sheet1!F6+13 -> 1.6077579 | G6: =Sheet1!G6 -> 3.2079316 | H6: =(B6-E6)/B6 -> 0.011039206 | I6: =(C6-F6)/C6 -> 0.0044841388 | J6: =(D6-G6)/D6 -> -0.035518152 | K6: =ABS(B6-E6) -> 0.10018079 | L6: =ABS(C6-F6) -> 0.0072418832 | M6: =ABS(D6-G6) -> 0.11003168
A7: 6 | B7: =Sheet1!B7+7 -> 9.0650001 | C7: =Sheet1!C7+13 -> 1.665 | D7: =Sheet1!D7 -> 3.0899 | E7: =Sheet1!E7+7 -> 8.9663077 | F7: =Sheet1!F7+13 -> 1.6566886 | G7: =Sheet1!G7 -> 3.1996012 | H7: =(B7-E7)/B7 -> 0.010887188 | I7: =(C7-F7)/C7 -> 0.0049918244 | J7: =(D7-G7)/D7 -> -0.035503143 | K7: =ABS(B7-E7) -> 0.098692357 | L7: =ABS(C7-F7) -> 0.0083113874 | M7: =ABS(D7-G7) -> 0.10970116
A8: 7 | B8: =Sheet1!B8+7 -> 9.0550001 | C8: =Sheet1!C8+13 -> 1.7150002 | D8: =Sheet1!D8 -> 3.0818 | E8: =Sheet1!E8+7 -> 8.9584961 | F8: =Sheet1!F8+13 -> 1.7042092 | G8: =Sheet1!G8 -> 3.1929141 | H8: =(B8-E8)/B8 -> 0.010657536 | I8: =(C8-F8)/C8 -> 0.0062920783 | J8: =(D8-G8)/D8 -> -0.036054925 | K8: =ABS(B8-E8) -> 0.09650399 | L8: =ABS(C8-F8) -> 0.010790915 | M8: =ABS(D8-G8) -> 0.11111407
A9: 8 | B9: =Sheet1!B9+7 -> 9.0450001 | C9: =Sheet1!C9+13 -> 1.7650003 | D9: =Sheet1!D9 -> 3.0738001 | E9: =Sheet1!E9+7 -> 8.947151 | F9: =Sheet1!F9+13 -> 1.7546804 | G9: =Sheet1!G9 -> 3.1832658 | H9: =(B9-E9)/B9 -> 0.010818025 | I9: =(C9-F9)/C9 -> 0.005846983 | J9: =(D9-G9)/D9 -> -0.035612495 | K9: =ABS(B9-E9) -> 0.097849033 | L9: =ABS(C9-F9) -> 0.010319927 | M9: =ABS(D9-G9) -> 0.10946569
A10: 9 | B10: =Sheet1!B10+7 -> 9.0350001 | C10: =Sheet1!C10+13 -> 1.8149996 | D10: =Sheet1!D10 -> 3.0657001 | E10: =Sheet1!E10+7 -> 8.9384653 | F10: =Sheet1!F10+13 -> 1.8043476 | G10: =Sheet1!G10 -> 3.1761739 | H10: =(B10-E10)/B10 -> 0.010684537 | I10: =(C10-F10)/C10 -> 0.0058688435 | J10: =(D10-G10)/D10 -> -0.03603543 | K10: =ABS(B10-E10) -> 0.096534793 | L10: =ABS(C10-F10) -> 0.010651948 | M10: =ABS(D10-G10) -> 0.11047382
A11: 10 | B11: =Sheet1!B11+7 -> 9.0250001 | C11: =Sheet1!C11+13 -> 1.8649998 | D11: =Sheet1!D11 -> 3.0576 | E11: =Sheet1!E11+7 -> 8.925769 | F11: =Sheet1!F11+13 -> 1.8559972 | G11: =Sheet1!G11 -> 3.1685468 | H11: =(B11-E11)/B11 -> 0.01099514 | I11: =(C11-F11)/C11 -> 0.0048270968 | J11: =(D11-G11)/D11 -> -0.03628557 | K11: =ABS(B11-E11) -> 0.099231136 | L11: =ABS(C11-F11) -> 0.0090025343 | M11: =ABS(D11-G11) -> 0.11094676
A12: 11 | B12: =Sheet1!B12+7 -> 9.0150001 | C12: =Sheet1!C12+13 -> 1.915 | D12: =Sheet1!D12 -> 3.0495 | E12: =Sheet1!E12+7 -> 8.9081036 | F12: =Sheet1!F12+13 -> 1.9164248 | G12: =Sheet1!G12 -> 3.1657453 | H12: =(B12-E12)/B12 -> 0.011857623 | I12: =(C12-F12)/C12 -> -0.00074401758 | J12: =(D12-G12)/D12 -> -0.038119482 | K12: =ABS(B12-E12) -> 0.10689647 | L12: =ABS(C12-F12) -> 0.0014247936 | M12: =ABS(D12-G12) -> 0.11624536
A13: 12 | B13: =Sheet1!B13+7 -> 9.0050001 | C13: =Sheet1!C13+13 -> 1.9650002 | D13: =Sheet1!D13 -> 3.0414 | E13: =Sheet1!E13+7 -> 8.9098373 | F13: =Sheet1!F13+13 -> 1.95234 | G13: =Sheet1!G13 -> 3.1490798 | H13: =(B13-E13)/B13 -> 0.010567774 | I13: =(C13-F13)/C13 -> 0.006442803 | J13: =(D13-G13)/D13 -> -0.035404688 | K13: =ABS(B13-E13) -> 0.095162803 | L13: =ABS(C13-F13) -> 0.012660109 | M13: =ABS(D13-G13) -> 0.10767982
... A492: 491 | B492: =Sheet1!B492+7 -> 9.115 | C492: =Sheet1!C492+13 -> 1.415 | D492: =Sheet1!D492 -> 3.1300001 | E492: =Sheet1!E492+7 -> 9.0154038 | F492: =Sheet1!F492+13 -> 1.4073293 | G492: =Sheet1!G492 -> 3.2411449 | H492: =(B492-E492)/B492 -> 0.010926631 | I492: =(C492-F492)/C492 -> 0.0054209621 | J492: =(D492-G492)/D492 -> -0.035509502 | K492: =ABS(B492-E492) -> 0.099596243 | L492: =ABS(C492-F492) -> 0.0076706612 | M492: =ABS(D492-G492) -> 0.11114475
