Workbook

Sheet Sheet1
A1: Frame | B1: Act_X | C1: Act_Y | D1: Act_Z | E1: Calc_X | F1: Calc_Y | G1: Calc_Z | H1: PctErr_X | I1: PctErr_Y | J1: PctErr_Z | K1: Err_X | L1: Err_Y | M1: Err_Z
A2: 1 | B2: -4.8410001 | C2: -10.5999 | D2: 1.1714 | E2: -4.7771505 | F2: -11.038092 | G2: 0.82623805 | H2: 1.3189342 | I2: 4.1339224 | J2: 29.46576 | K2: 0.063849604 | L2: -0.43819165 | M2: -0.3451619
A3: 2 | B3: -4.8270001 | C3: -10.5649 | D3: 1.1725 | E3: -4.7786396 | F3: -10.953353 | G3: 0.87547396 | H3: 1.0018754 | I3: 3.6768188 | J3: 25.332713 | K3: 0.048360525 | L3: -0.38845225 | M3: -0.29702606
A4: 3 | B4: -4.8130002 | C4: -10.5299 | D4: 1.1736 | E4: -4.7799691 | F4: -10.862797 | G4: 0.93009036 | H4: 0.68628841 | I4: 3.161451 | J4: 20.748944 | K4: 0.033031063 | L4: -0.33289761 | M4: -0.2435096
A5: 4 | B5: -4.7989998 | C5: -10.4949 | D5: 1.1747 | E5: -4.7816824 | F5: -10.778242 | G5: 0.97857602 | H5: 0.36085322 | I5: 2.6998062 | J5: 16.695667 | K5: 0.017317345 | L5: -0.28334196 | M5: -0.19612401
A6: 5 | B6: -4.7849998 | C6: -10.4599 | D6: 1.1756999 | E6: -4.7819988 | F6: -10.695771 | G6: 1.0275616 | H6: 0.062716885 | I6: 2.2550011 | J6: 12.600011 | K6: 0.0030010028 | L6: -0.23587085 | M6: -0.14813832
A7: 6 | B7: -4.7709999 | C7: -10.4249 | D7: 1.1768 | E7: -4.7815064 | F7: -10.619734 | G7: 1.0700758 | H7: 0.22021468 | I7: 1.8689313 | J7: 9.0690144 | K7: -0.010506442 | L7: -0.19483422 | M7: -0.10672416
A8: 7 | B8: -4.757 | C8: -10.3899 | D8: 1.1779 | E8: -4.781831 | F8: -10.536518 | G8: 1.1183828 | H8: 0.52199012 | I8: 1.411161 | J8: 5.0528163 | K8: -0.02483107 | L8: -0.14661822 | M8: -0.059517121
A9: 8 | B9: -4.743 | C9: -10.3549 | D9: 1.1789 | E9: -4.7812022 | F9: -10.460945 | G9: 1.1595316 | H9: 0.80544416 | I9: 1.0241036 | J9: 1.6429255 | K9: -0.038202217 | L9: -0.10604491 | M9: -0.019368449
A10: 9 | B10: -4.7290001 | C10: -10.3199 | D10: 1.1799001 | E10: -4.7792815 | F10: -10.390626 | G10: 1.1975984 | H10: 1.0632563 | I10: 0.68533823 | J10: 1.4999895 | K10: -0.050281392 | L10: -0.070726217 | M10: 0.017698377
A11: 10 | B11: -4.7150002 | C11: -10.2849 | D11: 1.181 | E11: -4.7765925 | F11: -10.320802 | G11: 1.233783 | H11: 1.3063056 | I11: 0.34907897 | J11: 4.4693515 | K11: -0.061592312 | L11: -0.035902422 | M11: 0.052783041
A12: 11 | B12: -4.7010002 | C12: -10.2499 | D12: 1.182 | E12: -4.7733698 | F12: -10.255568 | G12: 1.2651889 | H12: 1.5394514 | I12: 0.055294834 | J12: 7.037971 | K12: -0.072369615 | L12: -0.0056676652 | M12: 0.08318882
A13: 12 | B13: -4.6869998 | C13: -10.2149 | D13: 1.183 | E13: -4.7640222 | F13: -10.209972 | G13: 1.2769568 | H13: 1.6433207 | I13: 0.04824757 | J13: 7.9422474 | K13: -0.07702244 | L13: 0.004928441 | M13: 0.093956784
... A793: 792 | B793: 6.1952 | C793: 16.985001 | D793: 0.4835 | E793: 6.0541928 | F793: 16.970719 | G793: 0.64203884 | H793: 2.2760711 | I793: 0.084084138 | J793: 32.789831 | K793: -0.14100716 | L793: -0.014281691 | M793: 0.15853884

Sheet Offset
A1: Frame | B1: Act_X | C1: Act_Y | D1: Act_Z | E1: Calc_X | F1: Calc_Y | G1: Calc_Z | H1: PctErr_X | I1: PctErr_Y | J1: PctErr_Z | K1: Err_X | L1: Err_Y | M1: Err_Z
A2: 1 | B2: =Sheet1!B2+7 -> 2.1589999 | C2: =Sheet1!C2+13 -> 2.4000998 | D2: =Sheet1!D2 -> 1.1714 | E2: =Sheet1!E2+7 -> 2.2228495 | F2: =Sheet1!F2+13 -> 1.9619081 | G2: =Sheet1!G2 -> 0.82623805 | H2: =(B2-E2)/B2 -> -0.029573694 | I2: =(C2-F2)/C2 -> 0.18257226 | J2: =(D2-G2)/D2 -> 0.2946576 | K2: =ABS(B2-E2) -> 0.063849604 | L2: =ABS(C2-F2) -> 0.43819165 | M2: =ABS(D2-G2) -> 0.3451619
A3: 2 | B3: =Sheet1!B3+7 -> 2.1729999 | C3: =Sheet1!C3+13 -> 2.4350996 | D3: =Sheet1!D3 -> 1.1725 | E3: =Sheet1!E3+7 -> 2.2213604 | F3: =Sheet1!F3+13 -> 2.0466474 | G3: =Sheet1!G3 -> 0.87547396 | H3: =(B3-E3)/B3 -> -0.02225519 | I3: =(C3-F3)/C3 -> 0.15952212 | J3: =(D3-G3)/D3 -> 0.25332713 | K3: =ABS(B3-E3) -> 0.048360525 | L3: =ABS(C3-F3) -> 0.38845225 | M3: =ABS(D3-G3) -> 0.29702606
A4: 3 | B4: =Sheet1!B4+7 -> 2.1869998 | C4: =Sheet1!C4+13 -> 2.4701004 | D4: =Sheet1!D4 -> 1.1736 | E4: =Sheet1!E4+7 -> 2.2200309 | F4: =Sheet1!F4+13 -> 2.1372028 | G4: =Sheet1!G4 -> 0.93009036 | H4: =(B4-E4)/B4 -> -0.015103368 | I4: =(C4-F4)/C4 -> 0.13477088 | J4: =(D4-G4)/D4 -> 0.20748944 | K4: =ABS(B4-E4) -> 0.033031063 | L4: =ABS(C4-F4) -> 0.33289761 | M4: =ABS(D4-G4) -> 0.2435096
A5: 4 | B5: =Sheet1!B5+7 -> 2.2010002 | C5: =Sheet1!C5+13 -> 2.5051003 | D5: =Sheet1!D5 -> 1.1747 | E5: =Sheet1!E5+7 -> 2.2183176 | F5: =Sheet1!F5+13 -> 2.2217583 | G5: =Sheet1!G5 -> 0.97857602 | H5: =(B5-E5)/B5 -> -0.0078679435 | I5: =(C5-F5)/C5 -> 0.11310604 | J5: =(D5-G5)/D5 -> 0.16695667 | K5: =ABS(B5-E5) -> 0.017317345 | L5: =ABS(C5-F5) -> 0.28334196 | M5: =ABS(D5-G5) -> 0.19612401
A6: 5 | B6: =Sheet1!B6+7 -> 2.2150002 | C6: =Sheet1!C6+13 -> 2.5401001 | D6: =Sheet1!D6 -> 1.1756999 | E6: =Sheet1!E6+7 -> 2.2180012 | F6: =Sheet1!F6+13 -> 2.3042292 | G6: =Sheet1!G6 -> 1.0275616 | H6: =(B6-E6)/B6 -> -0.0013548545 | I6: =(C6-F6)/C6 -> 0.092858882 | J6: =(D6-G6)/D6 -> 0.12600011 | K6: =ABS(B6-E6) -> 0.0030010028 | L6: =ABS(C6-F6) -> 0.23587085 | M6: =ABS(D6-G6) -> 0.14813832
A7: 6 | B7: =Sheet1!B7+7 -> 2.2290001 | C7: =Sheet1!C7+13 -> 2.5750999 | D7: =Sheet1!D7 -> 1.1768 | E7: =Sheet1!E7+7 -> 2.2184936 | F7: =Sheet1!F7+13 -> 2.3802657 | G7: =Sheet1!G7 -> 1.0700758 | H7: =(B7-E7)/B7 -> 0.0047135225 | I7: =(C7-F7)/C7 -> 0.075660839 | J7: =(D7-G7)/D7 -> 0.090690144 | K7: =ABS(B7-E7) -> 0.010506442 | L7: =ABS(C7-F7) -> 0.19483422 | M7: =ABS(D7-G7) -> 0.10672416
A8: 7 | B8: =Sheet1!B8+7 -> 2.243 | C8: =Sheet1!C8+13 -> 2.6100998 | D8: =Sheet1!D8 -> 1.1779 | E8: =Sheet1!E8+7 -> 2.218169 | F8: =Sheet1!F8+13 -> 2.4634816 | G8: =Sheet1!G8 -> 1.1183828 | H8: =(B8-E8)/B8 -> 0.011070472 | I8: =(C8-F8)/C8 -> 0.056173416 | J8: =(D8-G8)/D8 -> 0.050528163 | K8: =ABS(B8-E8) -> 0.02483107 | L8: =ABS(C8-F8) -> 0.14661822 | M8: =ABS(D8-G8) -> 0.059517121
A9: 8 | B9: =Sheet1!B9+7 -> 2.257 | C9: =Sheet1!C9+13 -> 2.6450996 | D9: =Sheet1!D9 -> 1.1789 | E9: =Sheet1!E9+7 -> 2.2187978 | F9: =Sheet1!F9+13 -> 2.5390547 | G9: =Sheet1!G9 -> 1.1595316 | H9: =(B9-E9)/B9 -> 0.016926104 | I9: =(C9-F9)/C9 -> 0.040091081 | J9: =(D9-G9)/D9 -> 0.016429255 | K9: =ABS(B9-E9) -> 0.038202217 | L9: =ABS(C9-F9) -> 0.10604491 | M9: =ABS(D9-G9) -> 0.019368449
A10: 9 | B10: =Sheet1!B10+7 -> 2.2709999 | C10: =Sheet1!C10+13 -> 2.6801004 | D10: =Sheet1!D10 -> 1.1799001 | E10: =Sheet1!E10+7 -> 2.2207185 | F10: =Sheet1!F10+13 -> 2.6093742 | G10: =Sheet1!G10 -> 1.1975984 | H10: =(B10-E10)/B10 -> 0.02214064 | I10: =(C10-F10)/C10 -> 0.02638939 | J10: =(D10-G10)/D10 -> -0.014999895 | K10: =ABS(B10-E10) -> 0.050281392 | L10: =ABS(C10-F10) -> 0.070726217 | M10: =ABS(D10-G10) -> 0.017698377
A11: 10 | B11: =Sheet1!B11+7 -> 2.2849998 | C11: =Sheet1!C11+13 -> 2.7151003 | D11: =Sheet1!D11 -> 1.181 | E11: =Sheet1!E11+7 -> 2.2234075 | F11: =Sheet1!F11+13 -> 2.6791979 | G11: =Sheet1!G11 -> 1.233783 | H11: =(B11-E11)/B11 -> 0.026955062 | I11: =(C11-F11)/C11 -> 0.01322324 | J11: =(D11-G11)/D11 -> -0.044693515 | K11: =ABS(B11-E11) -> 0.061592312 | L11: =ABS(C11-F11) -> 0.035902422 | M11: =ABS(D11-G11) -> 0.052783041
A12: 11 | B12: =Sheet1!B12+7 -> 2.2989998 | C12: =Sheet1!C12+13 -> 2.7501001 | D12: =Sheet1!D12 -> 1.182 | E12: =Sheet1!E12+7 -> 2.2266302 | F12: =Sheet1!F12+13 -> 2.7444325 | G12: =Sheet1!G12 -> 1.2651889 | H12: =(B12-E12)/B12 -> 0.031478739 | I12: =(C12-F12)/C12 -> 0.0020608941 | J12: =(D12-G12)/D12 -> -0.07037971 | K12: =ABS(B12-E12) -> 0.072369615 | L12: =ABS(C12-F12) -> 0.0056676652 | M12: =ABS(D12-G12) -> 0.08318882
A13: 12 | B13: =Sheet1!B13+7 -> 2.3130002 | C13: =Sheet1!C13+13 -> 2.7851 | D13: =Sheet1!D13 -> 1.183 | E13: =Sheet1!E13+7 -> 2.2359778 | F13: =Sheet1!F13+13 -> 2.7900284 | G13: =Sheet1!G13 -> 1.2769568 | H13: =(B13-E13)/B13 -> 0.033299798 | I13: =(C13-F13)/C13 -> -0.0017695742 | J13: =(D13-G13)/D13 -> -0.079422474 | K13: =ABS(B13-E13) -> 0.07702244 | L13: =ABS(C13-F13) -> 0.004928441 | M13: =ABS(D13-G13) -> 0.093956784
... A793: 792 | B793: =Sheet1!B793+7 -> 13.1952 | C793: =Sheet1!C793+13 -> 29.985001 | D793: =Sheet1!D793 -> 0.4835 | E793: =Sheet1!E793+7 -> 13.054193 | F793: =Sheet1!F793+13 -> 29.970719 | G793: =Sheet1!G793 -> 0.64203884 | H793: =(B793-E793)/B793 -> 0.010686246 | I793: =(C793-F793)/C793 -> 0.00047629452 | J793: =(D793-G793)/D793 -> -0.32789831 | K793: =ABS(B793-E793) -> 0.14100716 | L793: =ABS(C793-F793) -> 0.014281691 | M793: =ABS(D793-G793) -> 0.15853884
